{
  "accuracy": 0.9498882585525185,
  "precision": 1.0,
  "recall": 0.9004184815099496,
  "f1": 0.9476002157109473,
  "roc_auc": 0.9999182751141604,
  "confusion_matrix": {
    "true_negatives": 11559,
    "false_positives": 0,
    "false_negatives": 1166,
    "true_positives": 10543
  },
  "feature_importance": {
    "person_cosine": {
      "weight": 1.7961492066173907,
      "abs_weight": 1.7961492066173907,
      "importance": 0.25293410066141553
    },
    "person_title_harmonic": {
      "weight": 1.226022669019244,
      "abs_weight": 1.226022669019244,
      "importance": 0.17264876438795088
    },
    "composite_cosine": {
      "weight": 1.1078530039537728,
      "abs_weight": 1.1078530039537728,
      "importance": 0.15600808785134815
    },
    "birth_death_match": {
      "weight": 1.078515992246665,
      "abs_weight": 1.078515992246665,
      "importance": 0.15187684382947475
    },
    "low_composite_penalty": {
      "weight": -0.6786271567482326,
      "abs_weight": 0.6786271567482326,
      "importance": 0.09556441577578333
    },
    "person_provision_harmonic": {
      "weight": 0.4571818751457408,
      "abs_weight": 0.4571818751457408,
      "importance": 0.06438044567937727
    },
    "birth_death_right": {
      "weight": -0.2618112284994687,
      "abs_weight": 0.2618112284994687,
      "importance": 0.036868311039863204
    },
    "birth_death_left": {
      "weight": -0.22484890709224487,
      "abs_weight": 0.22484890709224487,
      "importance": 0.03166326933784282
    },
    "subjects_cosine": {
      "weight": -0.19345616475270927,
      "abs_weight": 0.19345616475270927,
      "importance": 0.02724253690554139
    },
    "person_subjects_harmonic": {
      "weight": 0.07678745021832296,
      "abs_weight": 0.07678745021832296,
      "importance": 0.010813224531402738
    }
  },
  "training_duration": null
}