{
  "accuracy": 0.9499742135121196,
  "precision": 1.0,
  "recall": 0.9005892902895208,
  "f1": 0.9476947964410892,
  "roc_auc": 0.9999180904001069,
  "confusion_matrix": {
    "true_negatives": 11559,
    "false_positives": 0,
    "false_negatives": 1164,
    "true_positives": 10545
  },
  "feature_importance": {
    "person_cosine": {
      "weight": 1.7956337990602689,
      "abs_weight": 1.7956337990602689,
      "importance": 0.2528361157645569
    },
    "person_title_harmonic": {
      "weight": 1.2257438933063074,
      "abs_weight": 1.2257438933063074,
      "importance": 0.17259216498814092
    },
    "composite_cosine": {
      "weight": 1.1079035623680373,
      "abs_weight": 1.1079035623680373,
      "importance": 0.15599953258701618
    },
    "birth_death_match": {
      "weight": 1.07804776683454,
      "abs_weight": 1.07804776683454,
      "importance": 0.15179565572765835
    },
    "low_composite_penalty": {
      "weight": -0.6789376400086972,
      "abs_weight": 0.6789376400086972,
      "importance": 0.09559853230429886
    },
    "person_provision_harmonic": {
      "weight": 0.4578988923794228,
      "abs_weight": 0.4578988923794228,
      "importance": 0.06447493771987096
    },
    "birth_death_right": {
      "weight": -0.2626961551512528,
      "abs_weight": 0.2626961551512528,
      "importance": 0.03698920989874776
    },
    "birth_death_left": {
      "weight": -0.2248843878074307,
      "abs_weight": 0.2248843878074307,
      "importance": 0.03166508401606036
    },
    "subjects_cosine": {
      "weight": -0.19351440875150225,
      "abs_weight": 0.19351440875150225,
      "importance": 0.027248000944741852
    },
    "person_subjects_harmonic": {
      "weight": 0.0767066861255751,
      "abs_weight": 0.0767066861255751,
      "importance": 0.010800766048907775
    }
  },
  "training_duration": null
}