{
  "accuracy": 0.9247464328691766,
  "precision": 0.9997992371009837,
  "recall": 0.8506277222649244,
  "f1": 0.9192007752295694,
  "roc_auc": 0.9996996549489761,
  "confusion_matrix": {
    "true_negatives": 11557,
    "false_positives": 2,
    "false_negatives": 1749,
    "true_positives": 9960
  },
  "feature_importance": {
    "person_title_harmonic": {
      "weight": 1.9920699486990558,
      "abs_weight": 1.9920699486990558,
      "importance": 0.2761878974976133
    },
    "composite_cosine": {
      "weight": 1.7158422601975132,
      "abs_weight": 1.7158422601975132,
      "importance": 0.23789067577219686
    },
    "birth_death_match": {
      "weight": 1.625620281640098,
      "abs_weight": 1.625620281640098,
      "importance": 0.2253819691466487
    },
    "low_composite_penalty": {
      "weight": -0.9530354943906411,
      "abs_weight": 0.9530354943906411,
      "importance": 0.1321323428468194
    },
    "birth_death_right": {
      "weight": -0.48016985914689925,
      "abs_weight": 0.48016985914689925,
      "importance": 0.06657251364396835
    },
    "birth_death_left": {
      "weight": -0.4280639338701818,
      "abs_weight": 0.4280639338701818,
      "importance": 0.05934835670171713
    },
    "person_subjects_harmonic": {
      "weight": 0.017932620442022568,
      "abs_weight": 0.017932620442022568,
      "importance": 0.0024862443910362683
    }
  },
  "training_duration": null
}