{
  "person_cosine": {
    "overall": {
      "mean": 3.6316934093925384e-13,
      "median": 0.5094118393480005,
      "min": -1.5257962144250234,
      "max": 1.028094776785446,
      "std": 1.0000064467675878
    },
    "match": {
      "mean": 0.9832593780786126,
      "median": 1.028094776785446,
      "min": 0.29212056192071667,
      "max": 1.028094776785446,
      "std": 0.10605191661750976
    },
    "non_match": {
      "mean": -0.9824230145487445,
      "median": -0.9992170010973526,
      "min": -1.5257962144250234,
      "max": 1.028094776785446,
      "std": 0.23828992061284582
    }
  },
  "composite_cosine": {
    "overall": {
      "mean": 3.057095485400823e-14,
      "median": 0.08092007262976769,
      "min": -1.9067605461818007,
      "max": 2.4189296394295003,
      "std": 1.0000064467674228
    },
    "match": {
      "mean": 0.8960940893118542,
      "median": 0.850527383013796,
      "min": -0.8434689427450688,
      "max": 2.4189296394295003,
      "std": 0.49732650370623704
    },
    "non_match": {
      "mean": -0.8953318688522794,
      "median": -0.9534706785656999,
      "min": -1.9067605461818007,
      "max": 1.6312916188411044,
      "std": 0.3848578573290366
    }
  },
  "low_composite_penalty": {
    "overall": {
      "mean": 4.690595297891557e-17,
      "median": -0.7967325724369118,
      "min": -0.7967325724369118,
      "max": 1.2551262928052997,
      "std": 1.0000064467674155
    },
    "match": {
      "mean": -0.7965208386840814,
      "median": -0.7967325724369118,
      "min": -0.7967325724369118,
      "max": 1.2551262928052997,
      "std": 0.020842604289346294
    },
    "non_match": {
      "mean": 0.795843315545702,
      "median": 1.2551262928052997,
      "min": -0.7967325724369118,
      "max": 1.2551262928052997,
      "std": 0.8552554293295893
    }
  },
  "person_title_harmonic": {
    "overall": {
      "mean": -6.307678026839671e-14,
      "median": 0.0037616152108891996,
      "min": -1.7533289920475494,
      "max": 2.483679081773013,
      "std": 1.0000064467674408
    },
    "match": {
      "mean": 0.8932184544836157,
      "median": 0.8050670597723855,
      "min": -0.4362247750038228,
      "max": 2.483679081773013,
      "std": 0.5698895385192827
    },
    "non_match": {
      "mean": -0.8924586800482855,
      "median": -0.9264233130506304,
      "min": -1.7533289920475494,
      "max": 1.212738010568696,
      "std": 0.2846383069426062
    }
  },
  "person_subjects_harmonic": {
    "overall": {
      "mean": -2.551537260949948e-14,
      "median": 0.10317671542074248,
      "min": -1.9167497013395618,
      "max": 1.3638473033530163,
      "std": 1.0000064467674759
    },
    "match": {
      "mean": 0.2229292744708648,
      "median": 0.7412486382425978,
      "min": -1.9167497013395618,
      "max": 1.3638473033530163,
      "std": 1.1827307194064698
    },
    "non_match": {
      "mean": -0.22273965012671698,
      "median": 0.02923802931506074,
      "min": -1.9167497013395618,
      "max": 0.8697692696684762,
      "std": 0.7087088067461039
    }
  },
  "birth_death_left": {
    "overall": {
      "mean": 6.449568534600891e-17,
      "median": 0.4817193186180085,
      "min": -2.075897646927865,
      "max": 0.4817193186180085,
      "std": 1.0000064467668388
    },
    "match": {
      "mean": 0.10272512698950977,
      "median": 0.4817193186180085,
      "min": -2.075897646927865,
      "max": 0.4817193186180085,
      "std": 0.9086840366581869
    },
    "non_match": {
      "mean": -0.10263774867239821,
      "median": 0.4817193186180085,
      "min": -2.075897646927865,
      "max": 0.4817193186180085,
      "std": 1.0738333621884322
    }
  },
  "birth_death_right": {
    "overall": {
      "mean": -6.96260239530778e-17,
      "median": 0.45665731273170707,
      "min": -2.1898258762512173,
      "max": 0.45665731273170707,
      "std": 1.0000064467670482
    },
    "match": {
      "mean": 0.044695401570987725,
      "median": 0.45665731273170707,
      "min": -2.1898258762512173,
      "max": 0.45665731273170707,
      "std": 0.9594589124069091
    },
    "non_match": {
      "mean": -0.044657383521399176,
      "median": 0.45665731273170707,
      "min": -2.1898258762512173,
      "max": 0.45665731273170707,
      "std": 1.037030477627043
    }
  },
  "birth_death_match": {
    "overall": {
      "mean": -2.6970922962876456e-16,
      "median": -0.7855739400034005,
      "min": -0.7855739400034005,
      "max": 1.2729546501960636,
      "std": 1.0000064467675156
    },
    "match": {
      "mean": 0.786242720542061,
      "median": 1.2729546501960636,
      "min": -0.7855739400034005,
      "max": 1.2729546501960636,
      "std": 0.8746665972275588
    },
    "non_match": {
      "mean": -0.7855739400034006,
      "median": -0.7855739400034005,
      "min": -0.7855739400034005,
      "max": -0.7855739400034005,
      "std": 1.1102373333746127e-16
    }
  }
}