{
  "person_cosine": {
    "overall": {
      "mean": 3.6316934093925384e-13,
      "median": 0.5094118393480005,
      "min": -1.5257962144250234,
      "max": 1.028094776785446,
      "std": 1.0000064467675878
    },
    "match": {
      "mean": 0.9832593780786126,
      "median": 1.028094776785446,
      "min": 0.29212056192071667,
      "max": 1.028094776785446,
      "std": 0.10605191661750976
    },
    "non_match": {
      "mean": -0.9824230145487445,
      "median": -0.9992170010973526,
      "min": -1.5257962144250234,
      "max": 1.028094776785446,
      "std": 0.23828992061284582
    }
  },
  "title_cosine": {
    "overall": {
      "mean": -7.56475756667461e-14,
      "median": -0.29024062378098536,
      "min": -1.8254370704543204,
      "max": 3.7952268170995667,
      "std": 1.0000064467674254
    },
    "match": {
      "mean": 0.5942008579513901,
      "median": 0.3892646993152681,
      "min": -1.3933413296105621,
      "max": 3.7952268170995667,
      "std": 1.0542761361676678
    },
    "non_match": {
      "mean": -0.5936954288270853,
      "median": -0.6590156829094677,
      "min": -1.8254370704543204,
      "max": 3.7952268170995667,
      "std": 0.42823060452248457
    }
  },
  "title_cosine_squared": {
    "overall": {
      "mean": 3.1485620937097077e-14,
      "median": -0.3192696652147309,
      "min": -1.4646433805298036,
      "max": 4.270781917775194,
      "std": 1.0000064467674377
    },
    "match": {
      "mean": 0.5589310859046251,
      "median": 0.28874816150210164,
      "min": -1.1742739693519344,
      "max": 4.270781917775194,
      "std": 1.1159102637816938
    },
    "non_match": {
      "mean": -0.5584556573594841,
      "median": -0.6232886261976676,
      "min": -1.4646433805298036,
      "max": 4.270781917775194,
      "std": 0.3619080322709158
    }
  },
  "provision_cosine": {
    "overall": {
      "mean": -4.130069159793516e-14,
      "median": -0.14392615168021045,
      "min": -5.274169392908619,
      "max": 2.25063182219409,
      "std": 1.000006446767422
    },
    "match": {
      "mean": 0.41364254888839164,
      "median": 0.3634982381431532,
      "min": -5.274169392908619,
      "max": 2.25063182219409,
      "std": 1.1181336073093326
    },
    "non_match": {
      "mean": -0.41329070323136236,
      "median": -0.3850300781008761,
      "min": -5.274169392908619,
      "max": 2.25063182219409,
      "std": 0.6389593103038644
    }
  },
  "subjects_cosine": {
    "overall": {
      "mean": 6.75973414867397e-14,
      "median": 0.2019124248238263,
      "min": -1.932386590053839,
      "max": 1.6617183399808177,
      "std": 1.0000064467675405
    },
    "match": {
      "mean": 0.12855235635031348,
      "median": 0.5291474900322782,
      "min": -1.932386590053839,
      "max": 1.6617183399808177,
      "std": 1.1766806997683814
    },
    "non_match": {
      "mean": -0.12844300931028868,
      "median": 0.11892047417334424,
      "min": -1.932386590053839,
      "max": 1.6617183399808177,
      "std": 0.7634075622241088
    }
  },
  "composite_cosine": {
    "overall": {
      "mean": 3.056509160988586e-14,
      "median": 0.08092007262976769,
      "min": -1.9067605461818007,
      "max": 2.4189296394295003,
      "std": 1.0000064467674228
    },
    "match": {
      "mean": 0.8960940893118542,
      "median": 0.850527383013796,
      "min": -0.8434689427450688,
      "max": 2.4189296394295003,
      "std": 0.49732650370623704
    },
    "non_match": {
      "mean": -0.8953318688522794,
      "median": -0.9534706785656999,
      "min": -1.9067605461818007,
      "max": 1.6312916188411044,
      "std": 0.3848578573290366
    }
  },
  "low_composite_penalty": {
    "overall": {
      "mean": 4.690595297891557e-17,
      "median": -0.7967325724369118,
      "min": -0.7967325724369118,
      "max": 1.2551262928052997,
      "std": 1.0000064467674155
    },
    "match": {
      "mean": -0.7965208386840814,
      "median": -0.7967325724369118,
      "min": -0.7967325724369118,
      "max": 1.2551262928052997,
      "std": 0.020842604289346294
    },
    "non_match": {
      "mean": 0.795843315545702,
      "median": 1.2551262928052997,
      "min": -0.7967325724369118,
      "max": 1.2551262928052997,
      "std": 0.8552554293295893
    }
  },
  "person_levenshtein": {
    "overall": {
      "mean": -6.751056547372871e-13,
      "median": -0.24533631887853233,
      "min": -1.608130486074495,
      "max": 1.1174578483174302,
      "std": 1.0000064467672969
    },
    "match": {
      "mean": 0.936066007944304,
      "median": 1.1174578483174302,
      "min": -0.9910161462121723,
      "max": 1.1174578483174302,
      "std": 0.41187450649414287
    },
    "non_match": {
      "mean": -0.9352697872460412,
      "median": -0.8908703980766197,
      "min": -1.608130486074495,
      "max": 1.1174578483174302,
      "std": 0.28187882896545524
    }
  },
  "person_title_harmonic": {
    "overall": {
      "mean": -6.405007879270921e-14,
      "median": 0.0037616152108882624,
      "min": -1.75332899204755,
      "max": 2.483679081773012,
      "std": 1.0000064467674408
    },
    "match": {
      "mean": 0.8932184544836146,
      "median": 0.8050670597723845,
      "min": -0.4362247750038237,
      "max": 2.483679081773012,
      "std": 0.5698895385192826
    },
    "non_match": {
      "mean": -0.8924586800482863,
      "median": -0.9264233130506313,
      "min": -1.75332899204755,
      "max": 1.212738010568695,
      "std": 0.2846383069426062
    }
  },
  "person_provision_harmonic": {
    "overall": {
      "mean": -9.00418399871508e-14,
      "median": -0.08373096645441767,
      "min": -4.778005629959898,
      "max": 1.6903585463187627,
      "std": 1.0000064467674417
    },
    "match": {
      "mean": 0.7017990395577017,
      "median": 0.7475502012506612,
      "min": -4.778005629959898,
      "max": 1.6903585463187627,
      "std": 0.8704219704593497
    },
    "non_match": {
      "mean": -0.701202087080683,
      "median": -0.6690639688964508,
      "min": -4.778005629959898,
      "max": 1.120275081785714,
      "std": 0.508328936160596
    }
  },
  "person_subjects_harmonic": {
    "overall": {
      "mean": -2.551537260949948e-14,
      "median": 0.10317671542074248,
      "min": -1.9167497013395618,
      "max": 1.3638473033530163,
      "std": 1.0000064467674759
    },
    "match": {
      "mean": 0.2229292744708648,
      "median": 0.7412486382425978,
      "min": -1.9167497013395618,
      "max": 1.3638473033530163,
      "std": 1.1827307194064698
    },
    "non_match": {
      "mean": -0.22273965012671698,
      "median": 0.02923802931506074,
      "min": -1.9167497013395618,
      "max": 0.8697692696684762,
      "std": 0.7087088067461039
    }
  },
  "title_subjects_harmonic": {
    "overall": {
      "mean": 2.9755963920999567e-15,
      "median": 0.24773936351772177,
      "min": -1.969296860516496,
      "max": 1.7883926830535393,
      "std": 1.0000064467672836
    },
    "match": {
      "mean": 0.10155039565859655,
      "median": 0.5376797890660293,
      "min": -1.969296860516496,
      "max": 1.7883926830535393,
      "std": 1.1688391589034621
    },
    "non_match": {
      "mean": -0.10146401657165552,
      "median": 0.16690314553420998,
      "min": -1.969296860516496,
      "max": 1.7883926830535393,
      "std": 0.7833127543501105
    }
  },
  "title_provision_harmonic": {
    "overall": {
      "mean": 4.299516914929849e-14,
      "median": -0.1395777601555336,
      "min": -5.497713173553332,
      "max": 2.8499522183444634,
      "std": 1.0000064467674321
    },
    "match": {
      "mean": 0.44704513147520386,
      "median": 0.3990828113359413,
      "min": -5.497713173553332,
      "max": 2.8499522183444634,
      "std": 1.0955038688660117
    },
    "non_match": {
      "mean": -0.4466648734758737,
      "median": -0.4169052671029079,
      "min": -5.497713173553332,
      "max": 2.8499522183444634,
      "std": 0.6331618314969697
    }
  },