{
  "person_cosine": {
    "overall": {
      "mean": 3.631576144510091e-13,
      "median": 0.5094118393480005,
      "min": -1.5257962144250234,
      "max": 1.028094776785446,
      "std": 1.0000064467675878
    },
    "match": {
      "mean": 0.9832593780786126,
      "median": 1.028094776785446,
      "min": 0.29212056192071667,
      "max": 1.028094776785446,
      "std": 0.10605191661750976
    },
    "non_match": {
      "mean": -0.9824230145487445,
      "median": -0.9992170010973526,
      "min": -1.5257962144250234,
      "max": 1.028094776785446,
      "std": 0.23828992061284582
    }
  },
  "title_cosine": {
    "overall": {
      "mean": -7.560066971376718e-14,
      "median": -0.29024062378098536,
      "min": -1.8254370704543204,
      "max": 3.7952268170995667,
      "std": 1.0000064467674254
    },
    "match": {
      "mean": 0.5942008579513901,
      "median": 0.3892646993152681,
      "min": -1.3933413296105621,
      "max": 3.7952268170995667,
      "std": 1.0542761361676678
    },
    "non_match": {
      "mean": -0.5936954288270853,
      "median": -0.6590156829094677,
      "min": -1.8254370704543204,
      "max": 3.7952268170995667,
      "std": 0.42823060452248457
    }
  },
  "title_cosine_squared": {
    "overall": {
      "mean": 3.1485620937097077e-14,
      "median": -0.3192696652147309,
      "min": -1.4646433805298036,
      "max": 4.270781917775194,
      "std": 1.0000064467674377
    },
    "match": {
      "mean": 0.5589310859046251,
      "median": 0.28874816150210164,
      "min": -1.1742739693519344,
      "max": 4.270781917775194,
      "std": 1.1159102637816938
    },
    "non_match": {
      "mean": -0.5584556573594841,
      "median": -0.6232886261976676,
      "min": -1.4646433805298036,
      "max": 4.270781917775194,
      "std": 0.3619080322709157
    }
  },
  "provision_cosine": {
    "overall": {
      "mean": -4.12772386214457e-14,
      "median": -0.14392615168021045,
      "min": -5.274169392908619,
      "max": 2.25063182219409,
      "std": 1.000006446767422
    },
    "match": {
      "mean": 0.41364254888839175,
      "median": 0.3634982381431532,
      "min": -5.274169392908619,
      "max": 2.25063182219409,
      "std": 1.1181336073093326
    },
    "non_match": {
      "mean": -0.41329070323136236,
      "median": -0.3850300781008761,
      "min": -5.274169392908619,
      "max": 2.25063182219409,
      "std": 0.6389593103038644
    }
  },
  "subjects_cosine": {
    "overall": {
      "mean": 6.75973414867397e-14,
      "median": 0.2019124248238263,
      "min": -1.932386590053839,
      "max": 1.6617183399808177,
      "std": 1.0000064467675405
    },
    "match": {
      "mean": 0.12855235635031348,
      "median": 0.5291474900322782,
      "min": -1.932386590053839,
      "max": 1.6617183399808177,
      "std": 1.1766806997683814
    },
    "non_match": {
      "mean": -0.12844300931028868,
      "median": 0.11892047417334424,
      "min": -1.932386590053839,
      "max": 1.6617183399808177,
      "std": 0.7634075622241088
    }
  },
  "composite_cosine": {
    "overall": {
      "mean": 3.056509160988586e-14,
      "median": 0.08092007262976769,
      "min": -1.9067605461818007,
      "max": 2.4189296394295003,
      "std": 1.0000064467674228
    },
    "match": {
      "mean": 0.8960940893118542,
      "median": 0.850527383013796,
      "min": -0.8434689427450688,
      "max": 2.4189296394295003,
      "std": 0.49732650370623704
    },
    "non_match": {
      "mean": -0.8953318688522794,
      "median": -0.9534706785656999,
      "min": -1.9067605461818007,
      "max": 1.6312916188411044,
      "std": 0.3848578573290366
    }
  },
  "low_composite_penalty": {
    "overall": {
      "mean": 4.690595297891557e-17,
      "median": -0.7967325724369118,
      "min": -0.7967325724369118,
      "max": 1.2551262928052997,
      "std": 1.0000064467674155
    },
    "match": {
      "mean": -0.7965208386840814,
      "median": -0.7967325724369118,
      "min": -0.7967325724369118,
      "max": 1.2551262928052997,
      "std": 0.020842604289346294
    },
    "non_match": {
      "mean": 0.795843315545702,
      "median": 1.2551262928052997,
      "min": -0.7967325724369118,
      "max": 1.2551262928052997,
      "std": 0.8552554293295893
    }
  }
}