{
  "person_cosine": {
    "overall": {
      "mean": 3.6316934093925384e-13,
      "median": 0.5094118393480005,
      "min": -1.5257962144250234,
      "max": 1.028094776785446,
      "std": 1.0000064467675878
    },
    "match": {
      "mean": 0.9832593780786126,
      "median": 1.028094776785446,
      "min": 0.29212056192071667,
      "max": 1.028094776785446,
      "std": 0.10605191661750976
    },
    "non_match": {
      "mean": -0.9824230145487445,
      "median": -0.9992170010973526,
      "min": -1.5257962144250234,
      "max": 1.028094776785446,
      "std": 0.23828992061284582
    }
  }
}