feature,weight,abs_weight,importance,feature_type
person_cosine,2.902375322179406,2.902375322179406,0.4890060496177594,cosine
composite_cosine,1.570748958344975,1.570748958344975,0.2646472829312485,cosine
low_composite_penalty,-0.6652680797658664,0.6652680797658664,0.11208754193059171,penalty
title_cosine,0.21389454378666786,0.21389454378666786,0.036037973825304555,cosine
title_cosine_squared,0.21108426901439403,0.21108426901439403,0.035564485316003785,squared
subjects_cosine,-0.19110973646433368,0.19110973646433368,0.03219908071769988,cosine
provision_cosine,0.18077352021695695,0.18077352021695695,0.030457585661392284,cosine
